model,RMSE,MAE,R2
elasticnet,82.353598,56.461518,0.754507
moe,174.886327,158.61308,-0.107099
uniform,265.622848,250.231226,-1.55391
lgbm,268.382277,239.581753,-1.607248
ridge,509.108994,497.407327,-8.382017
